date,game_pk,team,opponent,player_id,player_name,lineup_position,is_home,predicted_proba_2tb,model_count
2026-06-14,824586,LAD,CWS,660271,Shohei Ohtani,1,0,0.3495,3
2026-06-14,823693,STL,MIN,671056,Iván Herrera,2,0,0.3454,3
2026-06-14,823212,CHC,SF,683737,Michael Busch,3,0,0.3107,3
2026-06-14,824586,LAD,CWS,571970,Max Muncy,5,0,0.3075,3
2026-06-14,824823,SD,BAL,701538,Jackson Merrill,2,0,0.2783,3
2026-06-14,824823,SD,BAL,657757,Gavin Sheets,5,0,0.2733,3
2026-06-14,824021,TB,LAA,666018,Jonathan Aranda,2,0,0.2729,3
2026-06-14,824823,SD,BAL,665487,Fernando Tatis Jr.,1,0,0.2696,3
2026-06-14,824021,TB,LAA,650490,Yandy Díaz,1,0,0.2626,3
2026-06-14,822722,WSH,SEA,695578,James Wood,1,1,0.2613,3
2026-06-14,822801,TOR,NYY,543807,George Springer,1,1,0.2611,3
2026-06-14,824823,BAL,SD,624413,Pete Alonso,4,1,0.2571,3
2026-06-14,823615,NYM,ATL,665742,Juan Soto,3,1,0.255,3
2026-06-14,822801,NYY,TOR,700250,Ben Rice,2,0,0.2533,3
2026-06-14,824506,AZ,CIN,606466,Ketel Marte,1,0,0.2533,3
2026-06-14,824099,KC,HOU,677951,Bobby Witt Jr.,2,1,0.25,3
2026-06-14,822722,WSH,SEA,671277,Luis García Jr.,2,1,0.2482,3
2026-06-14,822722,SEA,WSH,677594,Julio Rodríguez,2,0,0.2465,3
2026-06-14,823368,PIT,MIA,664040,Brandon Lowe,2,1,0.2463,3
2026-06-14,823693,STL,MIN,676475,Alec Burleson,3,0,0.2462,3
2026-06-14,823693,MIN,STL,605137,Josh Bell,5,1,0.2455,3
2026-06-14,823368,MIA,PIT,669364,Xavier Edwards,4,0,0.2449,3
2026-06-14,822801,TOR,NYY,682818,Yohendrick Piñango,4,1,0.2447,3
2026-06-14,823777,MIL,PHI,683734,Andrew Vaughn,2,1,0.2447,3
2026-06-14,824823,SD,BAL,592518,Manny Machado,3,0,0.2438,3
2026-06-14,822801,TOR,NYY,672386,Alejandro Kirk,3,1,0.2426,3
2026-06-14,824751,TEX,BOS,669394,Jake Burger,5,0,0.2416,3
2026-06-14,824994,ATH,COL,701762,Nick Kurtz,2,1,0.2414,3
2026-06-14,824994,ATH,COL,691016,Tyler Soderstrom,3,1,0.2412,3
2026-06-14,824099,HOU,KC,665161,Jeremy Peña,1,0,0.2405,3
2026-06-14,823368,PIT,MIA,668804,Bryan Reynolds,3,1,0.2395,3
2026-06-14,824021,TB,LAA,802415,Chandler Simpson,5,0,0.2393,3
2026-06-14,824021,LAA,TB,666176,Jo Adell,4,1,0.2393,3
2026-06-14,823212,CHC,SF,608324,Alex Bregman,2,0,0.239,3
2026-06-14,824751,TEX,BOS,607043,Brandon Nimmo,3,0,0.2373,3
2026-06-14,824506,AZ,CIN,682998,Corbin Carroll,2,0,0.2359,3
2026-06-14,824586,LAD,CWS,518692,Freddie Freeman,3,0,0.2359,3
2026-06-14,824994,COL,ATH,678662,Ezequiel Tovar,5,0,0.2355,3
2026-06-14,822801,NYY,TOR,502671,Paul Goldschmidt,1,0,0.2343,3
2026-06-14,824994,COL,ATH,650489,Willi Castro,1,0,0.2325,3
2026-06-14,823615,NYM,ATL,666182,Bo Bichette,2,1,0.2316,3
2026-06-14,824751,BOS,TEX,575929,Willson Contreras,4,1,0.2316,3
2026-06-14,824994,COL,ATH,671289,Tyler Freeman,2,0,0.2305,3
2026-06-14,823777,MIL,PHI,650859,Luis Rengifo,5,1,0.2298,3
2026-06-14,823615,ATL,NYM,621566,Matt Olson,3,0,0.2296,3
2026-06-14,824099,KC,HOU,695506,Jac Caglianone,3,1,0.2283,3
2026-06-14,822722,SEA,WSH,647304,Josh Naylor,3,0,0.2266,3
2026-06-14,824823,BAL,SD,694212,Samuel Basallo,5,1,0.2258,3
2026-06-14,823212,SF,CHC,805811,Bryce Eldridge,3,1,0.2258,3
2026-06-14,822801,NYY,TOR,641355,Cody Bellinger,4,0,0.2251,3
2026-06-14,823368,PIT,MIA,693304,Nick Gonzales,5,1,0.2242,3
2026-06-14,824823,BAL,SD,621493,Taylor Ward,1,1,0.2239,3
2026-06-14,824823,BAL,SD,683002,Gunnar Henderson,2,1,0.2239,3
2026-06-14,822801,TOR,NYY,672960,Kazuma Okamoto,5,1,0.2224,3
2026-06-14,823777,MIL,PHI,694192,Jackson Chourio,1,1,0.2187,3
2026-06-14,824021,LAA,TB,694384,Nolan Schanuel,5,1,0.2184,3
2026-06-14,823693,MIN,STL,621439,Byron Buxton,2,1,0.2179,3
2026-06-14,824586,CWS,LAD,678246,Miguel Vargas,2,1,0.2178,3
2026-06-14,823693,MIN,STL,665019,Kody Clemens,3,1,0.217,3
2026-06-14,824751,BOS,TEX,677800,Wilyer Abreu,3,1,0.2167,3
2026-06-14,822722,SEA,WSH,686527,Dominic Canzone,5,0,0.2162,3
2026-06-14,823212,SF,CHC,646240,Rafael Devers,4,1,0.2152,3
2026-06-14,823615,ATL,NYM,645277,Ozzie Albies,4,0,0.2151,3
2026-06-14,824586,CWS,LAD,643217,Andrew Benintendi,3,1,0.2138,3
2026-06-14,823212,CHC,SF,664023,Ian Happ,4,0,0.2137,3
2026-06-14,824586,LAD,CWS,681624,Andy Pages,2,0,0.2134,3
2026-06-14,823777,PHI,MIL,547180,Bryce Harper,3,0,0.2129,3
2026-06-14,823212,CHC,SF,624424,Michael Conforto,5,0,0.211,3
2026-06-14,823368,MIA,PIT,672640,Otto Lopez,2,0,0.2105,3
2026-06-14,823693,STL,MIN,663457,Lars Nootbaar,5,0,0.2096,3
2026-06-14,824823,BAL,SD,668939,Adley Rutschman,3,1,0.2095,3
2026-06-14,823777,PHI,MIL,656941,Kyle Schwarber,1,0,0.2085,3
2026-06-14,823615,ATL,NYM,642086,Dominic Smith,5,0,0.2069,3
2026-06-14,823615,NYM,ATL,805999,A.J. Ewing,5,1,0.2069,3
2026-06-14,824586,CWS,LAD,695657,Colson Montgomery,4,1,0.2069,3
2026-06-14,824994,ATH,COL,666126,Carlos Cortes,4,1,0.2069,3
2026-06-14,823368,PIT,MIA,656811,Ryan O'Hearn,4,1,0.2062,3
2026-06-14,823615,ATL,NYM,671739,Michael Harris II,1,0,0.2054,3
2026-06-14,823212,CHC,SF,691718,Pete Crow-Armstrong,1,0,0.205,3
2026-06-14,823368,MIA,PIT,689414,Liam Hicks,1,0,0.2045,3
2026-06-14,822722,SEA,WSH,702284,Cole Young,1,0,0.2039,3
2026-06-14,822722,WSH,SEA,660688,Keibert Ruiz,5,1,0.2033,3
2026-06-14,822801,NYY,TOR,642708,Amed Rosario,5,0,0.2033,3
2026-06-14,824506,AZ,CIN,545121,Ildemaro Vargas,5,0,0.2033,3
2026-06-14,824506,CIN,AZ,694362,Blake Dunn,1,1,0.2033,3
2026-06-14,824099,HOU,KC,694388,Joey Loperfido,4,0,0.2033,3
2026-06-14,823693,STL,MIN,802139,JJ Wetherholt,1,0,0.2033,3
2026-06-14,823212,SF,CHC,650333,Luis Arraez,2,1,0.2033,3
2026-06-14,824751,BOS,TEX,807799,Masataka Yoshida,1,1,0.2033,3
2026-06-14,823368,MIA,PIT,681715,Heriberto Hernández,5,0,0.2013,3
2026-06-14,823693,MIN,STL,663616,Trevor Larnach,1,1,0.2009,3
2026-06-14,824751,TEX,BOS,673962,Josh Jung,2,0,0.2001,3
2026-06-14,822801,TOR,NYY,664770,Nathan Lukes,2,1,0.1991,3
2026-06-14,824021,LAA,TB,687263,Zach Neto,1,1,0.1989,3
2026-06-14,823615,ATL,NYM,643289,Mauricio Dubón,2,0,0.1986,3
2026-06-14,823693,MIN,STL,668904,Royce Lewis,4,1,0.1977,3
2026-06-14,823615,NYM,ATL,701807,Carson Benge,1,1,0.1972,3
2026-06-14,824994,COL,ATH,681198,TJ Rumfield,3,0,0.1965,3
2026-06-14,823777,PHI,MIL,669016,Brandon Marsh,5,0,0.1964,3
2026-06-14,824823,SD,BAL,593428,Xander Bogaerts,4,0,0.1955,3
2026-06-14,824751,BOS,TEX,680776,Jarren Duran,5,1,0.1952,3
2026-06-14,823777,PHI,MIL,607208,Trea Turner,2,0,0.1932,3
2026-06-14,823777,PHI,MIL,664761,Alec Bohm,4,0,0.1926,3
2026-06-14,824021,LAA,TB,545361,Mike Trout,2,1,0.1923,3
2026-06-14,823368,MIA,PIT,669065,Kyle Stowers,3,0,0.192,3
2026-06-14,824099,KC,HOU,695600,Carter Jensen,1,1,0.1919,3
2026-06-14,823368,PIT,MIA,687462,Spencer Horwitz,1,1,0.1912,3
2026-06-14,824099,KC,HOU,686681,Michael Massey,5,1,0.1912,3
2026-06-14,824506,AZ,CIN,571448,Nolan Arenado,4,0,0.1903,3
2026-06-14,824099,HOU,KC,572233,Christian Walker,3,0,0.1894,3
2026-06-14,823693,STL,MIN,691023,Jordan Walker,4,0,0.1892,3
2026-06-14,824021,TB,LAA,691406,Junior Caminero,4,0,0.1887,3
2026-06-14,824751,BOS,TEX,678882,Ceddanne Rafaela,2,1,0.1887,3
2026-06-14,824994,ATH,COL,680869,Zack Gelof,5,1,0.1872,3
2026-06-14,824099,KC,HOU,672580,Maikel Garcia,4,1,0.1871,3
2026-06-14,823212,SF,CHC,669477,Casey Schmitt,5,1,0.1869,3
2026-06-14,822801,NYY,TOR,691176,Jasson Domínguez,3,0,0.186,3
2026-06-14,824506,AZ,CIN,672515,Gabriel Moreno,3,0,0.1857,3
2026-06-14,824506,CIN,AZ,553993,Eugenio Suárez,5,1,0.1837,3
2026-06-14,823777,MIL,PHI,661388,William Contreras,3,1,0.1831,3
2026-06-14,824751,TEX,BOS,694671,Wyatt Langford,1,0,0.1828,3
2026-06-14,824506,CIN,AZ,663993,Nathaniel Lowe,4,1,0.1808,3
2026-06-14,824021,TB,LAA,656775,Cedric Mullins,3,0,0.1803,3
2026-06-14,822722,WSH,SEA,682928,CJ Abrams,4,1,0.1782,3
2026-06-14,822722,SEA,WSH,670042,Luke Raley,4,0,0.1752,3
2026-06-14,824506,CIN,AZ,701398,Sal Stewart,3,1,0.1752,3
2026-06-14,824586,CWS,LAD,695731,Braden Montgomery,5,1,0.1752,3
2026-06-14,823212,SF,CHC,656305,Matt Chapman,1,1,0.1752,3
2026-06-14,824506,CIN,AZ,668709,JJ Bleday,2,1,0.1744,3
2026-06-14,824099,HOU,KC,701358,Cam Smith,5,0,0.1731,3
2026-06-14,824994,COL,ATH,696100,Hunter Goodman,4,0,0.1724,3
2026-06-14,824586,LAD,CWS,605141,Mookie Betts,4,0,0.1717,3
2026-06-14,822722,WSH,SEA,686611,Dylan Crews,3,1,0.1711,3
2026-06-14,823777,MIL,PHI,596142,Gary Sánchez,4,1,0.171,3
2026-06-14,824099,HOU,KC,670541,Yordan Alvarez,2,0,0.1697,3
2026-06-14,824021,LAA,TB,685133,Wade Meckler,3,1,0.1683,3
2026-06-14,824751,TEX,BOS,677649,Ezequiel Duran,4,0,0.1678,3
2026-06-14,824586,CWS,LAD,803011,Sam Antonacci,1,1,0.1634,3
2026-06-14,824994,ATH,COL,671732,Lawrence Butler,1,1,0.1614,3
2026-06-14,823615,NYM,ATL,676724,Jared Young,4,1,0.1548,3
